Period,"Gross Domestic Product, Year On Year Growth Rate | GDP In Chained (2015) Dollars","Food & Beverage Services Index, (2017 = 100), In Chained Volume Terms | Total","Retail Sales Index, (2017 = 100), In Chained Volume Terms | Total",Sea Cargo And Shipping Statistics (Total Cargo) | Total Container Throughput (Thousand Twenty-Foot Equivalent Units),Air Cargo Tonnage | Total Direct Tonnage (Tonne),Merchandise Imports By Commodity Division | Total Merchandise Imports,M1 Money Supply,Index Of Industrial Production (2019 = 100) | Total,Domestic Exports Of Major Non-Oil Products | Total Electronic Products,Composite Leading Index (2015 = 100) | Quarterly Composite Leading Index,"Business Expectations For The Services Sector - General Business Outlook For The Next 6 Months, Weighted Percentages Of Up, Same, Down | Net Weighted Balance - Total Services Sector","Domestic Wholesale Trade Index, (2017 = 100), In Chained Volume Terms | Total","Foreign Wholesale Trade Index, (2017 = 100), In Chained Volume Terms | Total",Job Vacancies By Industry And Occupational Group (SSIC 2020) (End Of Period) | Total,Unemployment Rate (End Of Period) | Total Unemployment Rate
1997-01-31,5.766666666666667,111.147,15.715097556355362,5.488212274506066,93891.4,1.6004482560192157,9.938032591960244,-5.407013056538668,-0.6365978322820618,2.039052484325632,5.333333333333333,-4.953252947690105,4.805478396285356,-6.735186364815996,-14.07407407407407
1997-02-28,5.733333333333333,109.571,-19.711470080260085,0.5112687813021655,95647.4,-11.02218565266715,6.894096025729368,-3.535353535353536,-5.9003909858083246,2.393572043689529,3.6666666666666665,-1.0139227751755984,6.974227120274556,-5.116564375823636,-17.037037037037038
1997-03-31,5.7,118.447,3.658993281198364,16.211453744493376,94048.8,1.8933297454951423,9.79080046591636,-6.288319446627888,-5.0654844286151945,2.7480916030534264,2.0,2.9254073973389083,9.142975844263756,-3.4979423868312765,-20.000000000000007
1997-04-30,6.966666666666667,107.974,2.9709995651079346,9.481268011527376,94470.6,2.179168207764848,4.434663455549548,2.294903068429832,-1.7444942176359326,3.1471849938413827,8.666666666666668,6.860231626247529,10.549475421942569,-3.759513339971743,-20.277777777777782
1997-05-31,8.233333333333334,113.795,2.081661763394837,7.937088514996349,94257.8,6.845281531261915,5.632341057839985,0.2083662194159341,-7.15753833037756,3.5462783846293386,15.333333333333334,10.79505585515615,11.955974999621384,-4.021084293112209,-20.55555555555556
1997-06-30,9.5,115.347,5.42013827335579,10.244947378224833,91569.4,4.925751665788725,6.924177829606459,11.063939276984437,-3.543468274669851,3.945371775417295,22.0,14.729880084064773,13.362474577300198,-4.282655246252675,-20.833333333333336
1997-07-31,9.966666666666667,110.312,10.33631332481908,9.327738438674691,91285.8,11.158975655808057,6.861075905877345,8.504600031186671,-1.0347234610726819,3.9513860616603154,20.0,16.94885392264521,13.054821761210889,-2.6293698631902744,-16.91919191919192
1997-08-31,10.433333333333334,110.845,4.184883039617793,9.490474080638013,91135.6,15.03769999868596,7.196471377888569,6.95886550889766,-3.2252827850473365,3.9574003479033357,18.0,19.167827761225645,12.747168945121578,-0.9760844801278736,-13.005050505050505
1997-09-30,10.9,115.028,4.106918511458657,11.18172607534309,93635.0,17.95394176139491,5.518745503376943,14.396187393220018,1.7368779691621967,3.963414634146356,16.0,21.386801599806084,12.439516129032269,0.6772009029345272,-9.090909090909092
1997-10-31,9.633333333333333,112.639,-3.524919010533978,11.804517886964929,90553.2,7.8849493484598465,6.262962380822779,7.750873316812457,-2.0817580395363207,2.843079635615638,3.333333333333334,16.155518127612172,9.806800129827872,-4.284904491877429,-6.0606060606060606
1997-11-30,8.366666666666667,115.671,-7.457006500452568,9.119868936015283,88886.8,5.638458119157153,2.8122146850877883,8.588261239406435,-2.8836462397770157,1.72274463708492,-9.333333333333332,10.92423465541826,7.174084130623474,-9.247009886689384,-3.0303030303030303
1997-12-31,7.1,125.698,-14.924324231672417,8.823265416030889,89187.0,9.650037184367498,1.7414940828402337,10.015138472498442,-7.107351247894177,0.6024096385542022,-22.0,5.6929511832243485,4.541368131419077,-14.209115281501338,0.0
1998-01-31,5.233333333333333,111.687,-6.742952558687754,3.519724936663038,90339.6,-12.398536283778984,-3.75702405424424,-5.5085678352460254,-2.723871642629605,-1.2823955554759976,-25.666666666666668,3.9704047262092352,2.913383153528952,-24.25597024452612,5.555555555555558
1998-02-28,3.3666666666666667,104.727,-2.740800728855608,8.792691788643214,91613.6,16.87297519825872,-5.7714212030689165,16.622094994161742,24.014352497761493,-3.1672007495061973,-29.333333333333332,2.2478582691941216,1.2853981756388264,-34.3028252075509,11.111111111111116
1998-03-31,1.5,107.898,-19.49591975518531,10.538286580743003,89121.0,-3.993601878000274,-6.520081922581056,9.797013923838293,8.234826415701658,-5.052005943536397,-33.0,0.5253118121790079,-0.342586802251299,-44.34968017057569,16.666666666666675
1998-04-30,0.19999999999999996,100.269,7.028697179185106,10.239536720189534,89185.8,-11.83516528562053,-4.515273204390924,3.0529321326598025,-3.062966676911949,-6.482359193501149,-29.333333333333332,0.335840832780369,-2.1715339693859006,-48.65668461781854,21.637426900584806
1998-05-31,-1.1,109.08,-4.750884240862852,8.310742121314796,91843.2,-20.41355977570222,-8.44379024305354,-3.2733688289593887,-6.724571644452226,-7.912712443465901,-25.666666666666668,0.1463698533817301,-4.000481136520502,-52.963689065061395,26.608187134502934
1998-06-30,-2.4,100.556,-6.381637028629084,14.4800202754076,86418.4,-9.138533678916891,-11.782681671069318,-0.1882312058380519,3.69026037757636,-9.343065693430653,-22.0,-0.0431011260169089,-5.829428303655105,-57.27069351230425,31.578947368421066
1998-07-31,-3.2666666666666666,100.063,-10.818736013581288,6.141052294898475,79605.4,-16.02796449439029,-10.288680343944367,-5.59898827316625,-5.0623305909130885,-9.112385926607729,-25.666666666666668,-3.0219738136004537,-6.144710871118487,-59.92934126530298,71.05263157894737
1998-08-31,-4.133333333333333,101.887,-9.125911185135516,4.095176432502434,78931.6,-15.357070353878354,-9.7943382184566,-6.50611379971936,4.678566331603773,-8.881706159784803,-29.333333333333332,-6.000846501183998,-6.459993438581868,-62.58798901830171,110.52631578947368
1998-09-30,-5.0,98.67,-15.016020972909994,5.649904730345456,80564.0,-19.258450669281245,-11.038525245602017,-0.6786144736152577,-1.183079904319484,-8.65102639296188,-33.0,-8.979719188767543,-6.7752760060452495,-65.24663677130044,150.0
1998-10-31,-4.2,105.088,-8.79736701654511,1.3993710691823755,80564.0,-22.90513060585956,-7.70812589289579,-7.913768738396742,-6.19159167616049,-7.2643569166652044,-31.666666666666668,-5.551785382881139,-5.392443520021898,-63.70609118086696,141.66666666666666
1998-11-30,-3.4000000000000004,104.968,-0.9380487696445728,5.780298607056467,80564.0,-21.949984722071047,-4.773367778299664,-3.3887486581367643,-7.598716541207717,-5.877687440368529,-30.333333333333332,-2.1238515769947357,-4.009611033998546,-62.165545590433474,133.33333333333334
1998-12-31,-2.6,113.908,7.664101220937258,6.763444407786201,80564.0,-18.100014820548527,-0.9879720401731796,2.9760138143161585,-6.140462123789792,-4.491017964071853,-29.0,1.3040822288916676,-2.626778547975195,-60.62499999999999,125.0
1999-01-31,-0.9999999999999998,100.246,-9.76003651236681,4.728607639192384,81523.2,-6.060266014043691,1.1983359446755548,9.935780121784845,1.0918607545368442,-1.8985503172059603,-25.0,-0.47011477650386024,-4.1020619343379785,-52.29406130268199,111.90476190476191
1999-02-28,0.6000000000000005,93.597,12.666857484842977,9.150763358778624,80564.0,-18.752246176699984,7.526047903053534,3.772366126219251,-3.404959205009284,0.6939173296599321,-21.0,-2.244311781899388,-5.577345320700762,-43.963122605363985,98.80952380952382
1999-03-31,2.2,105.427,22.53312919064463,0.7239750038103843,82565.8,-5.143848992941558,8.938778424571293,6.778711484593836,-2.259083345752877,3.2863849765258246,-17.0,-4.018508787294916,-7.052628707063546,-35.63218390804598,85.71428571428574
1999-04-30,3.2666666666666666,98.338,-2.3634966458285667,2.889207258834769,85934.0,9.284711893677034,8.79172045168055,5.733162830349525,6.954564931766516,6.699780000453607,-7.666666666666666,-4.997139493367923,-4.323567757999898,-23.4057491324146,71.80952380952382
1999-05-31,4.333333333333334,105.836,12.01806262320635,7.109894407508799,92103.0,15.782570700460653,14.518045094917898,19.02807634681778,16.20063775410452,10.11317502438139,1.6666666666666679,-5.975770199440929,-1.5945068089362504,-11.17931435678322,57.90476190476191
1999-06-30,5.4,105.321,21.404194171269488,0.19924728802303,94774.0,8.781949594772986,18.91213859375189,19.964023558766364,10.060416955499909,13.526570048309171,11.0,-6.954400905513936,1.1345541401273973,1.0471204188481575,43.99999999999999
1999-07-31,6.266666666666667,100.231,12.801765163969892,4.083170106976031,101697.2,13.333008483732357,19.43670160237012,17.985020094994496,16.98403099451489,14.475177249969628,15.333333333333332,-5.496909895691134,-0.29691774512654945,21.343241569554685,27.999999999999993
1999-08-31,7.133333333333334,98.034,28.111015900218984,10.8692271808428,94235.6,17.868915129555994,12.8045249371316,19.28389843486784,5.9988617573886405,15.423784451630086,19.666666666666664,-4.039418885868333,-1.7283896303804962,41.63936272026122,11.999999999999993
1999-09-30,8.0,103.517,36.746235769372014,5.528111032698191,95689.2,16.967973602884847,15.416964278548662,14.382567863455307,5.372252079466988,16.372391653290542,24.0,-2.581927876045531,-3.1598615156344434,61.935483870967744,-4.000000000000004
1999-10-31,7.7,107.788,32.01258168340972,7.132888819972094,90711.4,24.814307662584987,11.969259876007545,24.21990190473324,16.28754226703213,16.244081373876035,24.0,-3.130055984621131,-1.9763311636817142,66.15804744837003,-11.92592592592593
1999-11-30,7.3999999999999995,109.714,24.74363289577022,5.535404510329611,90711.4,32.69615912150885,14.968940748504831,19.685275834109127,25.35185646867884,16.115771094461532,24.0,-3.6781840931967307,-0.7928008117289851,70.38061102577232,-19.851851851851855
1999-12-31,7.1,116.93,16.74463864665594,7.200247218788602,93343.6,25.068913052425824,14.207517869533138,7.31541162291045,28.471648931972847,15.987460815047028,24.0,-4.2263122017723305,0.3907295402237443,74.60317460317461,-27.77777777777778
2000-01-31,7.733333333333333,106.988,43.202287626198775,11.325321315306304,84064.0,22.101193160914324,11.514724411130327,28.48754502254911,8.052347105357317,14.446185997910137,24.0,0.06791717914947615,2.42967738985446,68.3862433862434,-22.36467236467237
2000-02-29,8.366666666666667,104.2,10.905563638883107,20.90217676370312,80781.0,29.66896044728722,7.3103735965383665,9.69810146280734,20.02270215631374,12.904911180773244,24.0,4.362146560071283,4.468625239485176,62.16931216931218,-16.95156695156696
2000-03-31,9.0,108.671,28.79486406135552,14.428387682530076,100229.0,22.77133210195983,10.636976732152403,3.713154631307813,18.528988131750346,11.363636363636353,24.0,8.656375940993088,6.507573089115892,55.95238095238096,-11.538461538461553
2000-04-30,8.733333333333333,104.326,28.737954946714584,12.570588690338049,92089.0,15.141919750677534,6.941689805632678,9.531488467186922,2.1605708033209936,8.89963464431549,24.666666666666668,7.907502330176379,7.839755054977641,55.43630232749404,-0.2849002849002922
2000-05-31,8.466666666666667,111.064,28.588675847674395,9.106177888126176,93726.0,24.381573862133955,5.798123770301911,20.071694395796857,7.740808129075938,6.435632924994628,25.333333333333332,7.158628719359668,9.17193702083939,54.920223702607124,10.968660968660968
2000-06-30,8.2,107.11,27.76904440457917,9.46383856238031,96219.0,28.861685071792408,11.63049752402554,11.456418690142222,8.957545195559335,3.9716312056737646,26.0,6.409755108542958,10.50411898670114,54.4041450777202,22.222222222222232
2000-07-31,8.633333333333333,107.924,32.236413147700695,8.02692530399538,101048.0,18.95723418328748,8.115650182203705,11.057779154086369,14.940424359772496,2.8776391945871076,26.0,9.967522637096119,11.29567528406339,45.96398516469527,3.703703703703713
2000-08-31,9.066666666666666,106.87,18.20073575861172,5.687237026647951,98894.0,26.71407387268556,11.123925793611722,20.33637180639363,30.86152577469889,1.783647183500451,26.0,13.525290165649281,12.08723158142564,37.523825251670345,-14.814814814814806
2000-09-30,9.5,116.72,19.78909299244458,3.5740823302125246,101143.0,29.680836598496363,10.298095443388288,14.522936414585196,15.845245102263284,0.6896551724137945,26.0,17.08305769420244,12.87878787878789,29.08366533864541,-33.33333333333333
2000-10-31,9.466666666666667,112.417,12.011229936646895,3.560573165436387,100633.0,26.189320439873963,13.008567179394092,18.87020977665812,15.856890334972062,-1.2969866418142313,18.333333333333332,15.051904326475318,11.666650510220578,19.54062537727876,-24.786324786324784
2000-11-30,9.433333333333334,116.555,26.251978701971517,-0.9638374178123188,97057.0,21.10575502459737,10.383812246731171,17.591709740553018,4.151913073816749,-3.283628456042257,10.666666666666666,13.020750958748195,10.454513141653264,9.997585415912113,-16.239316239316242
2000-12-31,9.4,126.343,26.969191805853864,-8.330931104064565,95276.0,17.048072233990407,6.920161624733612,20.125494408906697,-11.833217804116414,-5.270270270270283,3.0,10.989597591021072,9.242375773085952,0.454545454545463,-7.692307692307699
2001-01-31,8.066666666666666,112.767,13.420995435774818,-11.440137941374928,77532.0,11.023584374311124,11.399107604511771,-10.550988198157874,2.084835462090573,-5.917141631427355,3.6666666666666665,9.676858641936747,8.539977124182151,-7.839463335646534,-15.273132664437012
2001-02-28,6.733333333333334,104.694,29.778638512317524,-16.413593637020973,79587.0,15.39649607536453,11.303537132145848,13.627078250014169,-0.6006670900549849,-6.564012992584426,4.333333333333333,8.364119692852423,7.83757847527835,-16.13347212583853,-22.853957636566328
2001-03-31,5.4,113.738,27.289910343904733,-11.280084633694798,89131.0,2.205313159793687,8.045023696682453,6.866104072294155,-10.958020171030292,-7.210884353741498,5.0,7.051380743768099,7.135179826374549,-24.42748091603053,-30.43478260869564
2001-04-30,3.7666666666666666,103.806,12.737727400406484,-13.070368334249594,79243.0,-0.415761202187348,11.373900255088753,1.0226884349449294,-5.991131047670095,-8.217897436373367,-3.0,2.893552203726772,3.852699500733603,-30.267090185631087,-33.16864295125164
2001-05-31,2.1333333333333333,111.624,12.904201145767026,-12.469044909979257,80325.0,-8.269520494070271,11.03557596457112,-10.059481756648958,-8.449954521969428,-9.224910519005237,-11.0,-1.2642763363145546,0.5702191750926566,-36.10669945523165,-35.902503293807634
2001-06-30,0.5,109.841,2.022117360970399,-12.904528022606463,81279.0,-13.666250876802511,3.4175783636022805,-16.19398936747315,-21.19401155585917,-10.231923601637105,-19.0,-5.422104876355882,-2.7122611505482896,-41.94630872483221,-38.63636363636363
2001-07-31,-1.3,108.176,-0.9382794825686048,-9.313232830820771,78597.0,-12.320695487343167,3.4763060432156045,-13.728041639557588,-32.95197263379264,-10.428588337164465,-26.333333333333332,-10.228187888975341,-1.9170983477408718,-46.79136631038197,-9.090909090909097
2001-08-31,-3.1,106.609,12.089345782640116,-10.450534138411516,83382.0,-17.436182781917164,5.296615532604276,-21.19065400618799,-37.15245137974974,-10.625253072691823,-33.666666666666664,-15.034270901594802,-1.1219355449334538,-51.63642389593173,20.45454545454544
2001-09-30,-4.9,105.131,-4.81414500724886,-4.404907095200528,82830.0,-24.832850811421338,8.027209168909932,-22.2208796520058,-38.26542362111541,-10.821917808219183,-41.0,-19.84035391421426,-0.3267727421260358,-56.48148148148149,49.99999999999998
2001-10-31,-4.833333333333334,102.893,5.35090033638943,-4.968553459119496,83886.0,-15.544991088333582,9.10183377406517,-20.63702314965765,-28.933544217472107,-8.736247630586439,-35.0,-17.596175877120366,-1.311091375250458,-52.1339589967041,54.16666666666665
2001-11-30,-4.766666666666667,104.608,-0.6126577950018586,-1.7201056205205512,80807.0,-21.25881441360744,7.607286330690566,-13.02037768057186,-23.01563602283877,-6.650577452953695,-29.0,-15.351997840026474,-2.29541000837488,-47.78643651192671,58.33333333333333
2001-12-31,-4.7,114.103,0.4014593932660792,4.276729559748427,80237.0,-26.02199724475701,8.481175158364373,-21.899961382898717,-19.11559876760424,-4.564907275320951,-23.0,-13.107819802932584,-3.279728641499302,-43.43891402714932,62.5
2002-01-31,-3.5,99.771,-6.005078087573057,11.952933209176342,78331.0,-9.668563715918175,2.56482985654487,2.736226693353005,-7.989132017093459,-1.9680026996763336,-16.333333333333332,-13.109774009084994,-3.447825816906658,-38.89193595075948,70.83333333333333
2002-02-28,-2.3000000000000003,100.795,-1.577317437139969,8.676470588235286,71397.0,-17.467122008726243,7.952335710036307,-11.99280880920871,-27.59796762160476,0.6289018759682836,-9.666666666666666,-13.111728215237406,-3.6159229923140135,-34.34495787436964,79.16666666666667
2002-03-31,-1.1,108.66,-1.2969947042668184,6.945893575793716,92048.0,-8.207284888352206,4.666947553113521,-4.049488972565896,-17.528551471829225,3.2258064516129004,-3.0,-13.113682421389816,-3.784020167721369,-29.7979797979798,87.5
2002-04-30,0.6666666666666667,96.809,-2.748058038985779,10.086956521739122,85603.0,3.9342261149808655,1.402274606267584,8.278249102170388,-1.98052278729276,4.835441383142136,4.0,-8.54195513706073,-1.8932722956501429,-22.177458593643564,76.85185185185185
2002-05-31,2.4333333333333336,102.437,-9.654822478118074,11.07967579140543,85450.0,2.111056917015941,1.053189297383228,13.65006968199669,-13.324802981002604,6.445076314671372,11.0,-3.970227852731645,-0.002524423578916579,-14.556937389307329,66.20370370370371
2002-06-30,4.2,99.54,-5.025325255735424,9.810737736577837,90848.0,4.459800627262522,1.994713512122659,18.48687276681684,-9.5911545788409,8.054711246200608,18.0,0.6014994315974409,1.88822344849231,-6.936416184971095,55.55555555555556
2002-07-31,5.0,98.276,5.603946771289303,10.639083856667895,89438.0,7.181380371442514,2.822198513503049,18.883322559793147,13.851890095253228,7.82756479393405,15.333333333333334,4.798620096969778,2.882904604158839,2.7043277442982303,46.75925925925927
2002-08-31,5.8,98.439,-6.693404759567512,9.18790752815648,88677.0,5.525885097883565,2.13840749344143,16.691936968646772,11.794535150276664,7.600418341667492,12.666666666666668,8.995740762342114,3.877585759825368,12.345071673567556,37.96296296296297
2002-09-30,6.6,102.853,1.1226957259052206,7.324577861163228,86825.0,6.353288609897345,-0.7872499358061447,11.76272590751386,15.663009288442751,7.373271889400934,10.0,13.192861427714451,4.872266915491896,21.98581560283688,29.166666666666675
2002-10-31,6.433333333333333,101.013,3.178950993128704,5.713655415839392,90796.0,4.660228919798404,-3.238977594169312,12.33534471690847,-0.3981772095709268,6.360457293482032,4.666666666666667,12.759665211436854,5.313692430015923,15.723877068557922,19.44444444444445
2002-11-30,6.266666666666667,101.486,2.527381157176456,7.991095417210392,89233.0,6.7739057493688914,-0.282745737650325,-1.1137551210656738,8.858974454231117,5.3476426975631295,-0.6666666666666661,12.326468995159257,5.755117944539949,9.461938534278962,9.722222222222225
2002-12-31,6.1,112.072,9.050786505551445,6.649577804583817,83786.0,9.643028029494303,-0.7058745278234357,19.765263103107262,-2.518687922584062,4.334828101644228,-6.0,11.89327277888166,6.196543459063975,3.200000000000003,0.0
2003-01-31,5.466666666666667,101.048,10.855992456869078,6.071833648393188,79592.0,16.526799419399296,1.8257952237688448,13.642306016251805,14.810988925132328,1.7061732798840308,-13.0,8.827200787706772,8.123578589941454,-2.1832134292565923,2.222222222222222
2003-02-28,4.833333333333333,94.032,-7.590726792526659,5.054525193027137,67849.0,15.833972475967029,-0.9705783166223836,-2.025761788571767,17.99073666691571,-0.9224815418761665,-20.0,5.761128796531885,10.050613720818932,-7.5664268585131875,4.444444444444444
2003-03-31,4.2,98.528,-5.61428267121099,6.425087108013949,87587.0,16.49246399540454,1.6512542253249274,6.113067073307477,16.809520153950963,-3.5511363636363646,-27.0,2.695056805356999,11.97764885169641,-12.949640287769782,6.666666666666665
2003-04-30,2.7,70.065,2.2545399743802097,4.29412609507398,78430.0,6.299437127494856,5.046369788620608,-3.900785925445227,2.9833080675794488,-2.9768944721476363,-11.666666666666666,2.6063053150368574,11.154242864091998,-17.121706361618777,6.825396825396823
2003-05-31,1.2000000000000002,80.697,18.661757593722218,4.384938390583049,77035.0,3.70989213837305,6.472613513230097,-8.681887095335771,5.314992137030905,-2.4026525806589074,3.666666666666668,2.5175538247167153,10.330836876487584,-21.293772435467773,6.9841269841269815
2003-06-30,-0.3,86.098,9.998356761924686,8.758353851565248,79298.0,8.109631881379741,5.236421597013985,-6.101131943533944,11.515350835272445,-1.828410689170179,19.0,2.4288023343965737,9.507430888883173,-25.46583850931677,7.14285714285714
2003-07-31,1.5666666666666664,88.708,9.79386445236148,8.848080133555936,80472.0,6.2338764396339785,7.715695140048218,-6.32320623484901,8.564620748488716,0.5931720822794917,22.0,1.0040031072887572,9.383455789574876,-24.922962106986375,15.514592933947768
2003-08-31,3.433333333333333,93.129,7.337381267283893,10.11129207383279,81853.0,7.18669819913742,9.789430016446657,10.844799183275722,-0.6444061956885627,3.0147548537291624,25.0,-0.4207961198190593,9.259480690266578,-24.380085704655976,23.886328725038396
2003-09-30,5.3,97.663,16.450055123367658,8.432976714915053,85881.0,21.013877563757653,11.83892427958848,5.8635468550909176,24.47853626113543,5.436337625178833,28.0,-1.845595346926876,9.135505590958282,-23.83720930232558,32.258064516129025
2003-10-31,6.5,101.863,17.160194174757272,13.306900389538123,90902.0,17.612401276275435,12.54243140743514,18.990148346247903,23.07441705441944,6.53731008822811,24.666666666666668,-2.8691589476722053,10.19810356654273,-15.374677002583978,22.360077198786875
2003-11-30,7.7,101.189,12.639997762832245,11.167187944270696,87401.0,13.491796919912137,9.31659969437999,8.211565655312715,0.331004190427131,7.638282551277387,21.333333333333332,-3.892722548417534,11.26070154212718,-6.912144702842376,12.462089881444726
2003-12-31,8.9,107.477,12.035467616774476,16.61953909232292,87111.0,31.425209712176084,8.078552648472437,0.7040264227200499,32.034396078063175,8.739255014326663,18.0,-4.916286149162863,12.323299517711629,1.5503875968992276,2.564102564102577
2004-01-31,9.366666666666667,99.575,8.775660329647605,14.977188480182502,77668.0,13.463718677143843,10.073055577654833,6.442153700403774,-2.154443172313913,11.324451796492683,22.333333333333332,0.7832755567039955,13.396632742008546,10.124500822175241,1.709401709401718
2004-02-29,9.833333333333334,94.596,46.12575420768496,12.30489468101228,84194.0,18.48521802969212,12.028538917082642,28.382369975674735,12.171632446017334,13.909648578658704,26.666666666666664,6.482837262570854,14.46996596630546,18.698614047451255,0.854700854700859
2004-03-31,10.3,97.799,25.30784963678681,14.104243059193289,95641.0,23.34673951211188,12.342039095917068,0.5494621610769412,8.594312165773665,16.494845360824726,31.0,12.182398968437711,15.543299190602378,27.27272727272727,0.0
2004-04-30,11.366666666666667,90.231,16.198729569203095,17.577802258331033,89009.0,24.728741366044527,10.80037409116963,21.59113645458181,9.173330698226836,15.581090794513528,31.0,12.314275279465395,15.354034696242168,27.626262626262626,-0.7407407407407381
2004-05-31,12.433333333333334,96.786,8.361709680388119,18.201002374043785,89288.0,34.91079085510529,14.442629722949471,19.65183846867522,16.327771654291578,14.667336228202332,31.0,12.446151590493077,15.16477020188196,27.979797979797986,-1.4814814814814763
2004-06-30,13.5,94.846,17.884401227693726,20.17464424320829,92225.0,25.649917849963,12.012520022228768,19.03420991389342,25.606914344838017,13.753581661891134,31.0,12.57802790152076,14.975505707521751,28.333333333333343,-2.2222222222222143
2004-07-31,11.8,96.026,8.727052347162957,14.79141104294477,93603.0,34.364280540240344,13.198347885751184,18.051659088710448,17.630874323519173,11.656616630315483,30.666666666666668,11.994318332849778,14.701926538430099,33.64715860899068,-13.676603432700984
2004-08-31,10.1,90.06,11.347279397350809,15.740170097374584,90618.0,29.90248918993812,11.025565441097651,4.07552383145291,25.017424281631783,9.55965159873983,30.333333333333332,11.410608764178793,14.428347369338445,38.960983884648016,-25.130984643179755
2004-09-30,8.4,97.723,9.001933462230793,19.85554910685497,95086.0,23.704762951304104,10.164147390787548,12.357755602240903,13.389295792388436,7.462686567164178,30.0,10.82689919550781,14.154768200246792,44.27480916030535,-36.58536585365852
2004-10-31,8.2,98.044,13.3493888543609,14.119958254036469,95790.0,18.840657883256974,13.085397658279362,1.2467103367462595,10.136461772281756,5.897390517766891,24.0,12.980698924746529,12.779152121088991,37.40458015267176,-31.056910569105682
2004-11-30,8.0,96.288,10.82312342506735,12.519982096041948,87389.0,23.99085050005976,13.608229809242989,10.566496251633462,19.10876007639777,4.332094468369604,18.0,15.134498653985247,11.403536041931192,30.534351145038173,-25.52845528455284
2004-12-31,7.8,106.194,1.2123707096176606,15.602836879432624,93915.0,13.095210262435277,14.047868686503495,32.2127521847017,9.113618172319391,2.766798418972316,12.0,17.288298383223967,10.02791996277339,23.664122137404583,-20.0
2005-01-31,7.0,97.937,12.680030009404364,14.588629177258362,87702.0,18.589218522330487,10.84102832504643,10.729195363326196,5.532078999669743,2.055236029841634,14.333333333333334,13.799565693309187,8.056001636028524,20.321535970390936,-17.500000000000004
2005-02-28,6.2,97.533,-3.7282528644041135,14.033193900958029,75534.0,5.239498586232538,6.744810781021027,-10.687298400739852,-2.412938656637253,1.3436736407109517,16.666666666666668,10.310833003394407,6.084083309283658,16.978949803377294,-15.000000000000007
2005-03-31,5.4,97.714,9.80222204712,13.898771949959832,94636.0,11.7566861619407,8.697783121592707,8.867357447613443,4.294318343942294,0.6321112515802696,19.0,6.822100313479629,4.112164982538791,13.636363636363647,-12.50000000000001
2005-04-30,5.666666666666667,92.651,12.918241546383902,10.69274462727645,91207.0,10.597312345029874,10.561712091921471,4.006828887014824,4.991026873187843,0.4214075010535131,21.333333333333332,4.433118643705743,5.311505024919039,17.316017316017323,-9.848484848484858
2005-05-31,5.933333333333334,97.966,9.03167881971827,9.98103101986163,87838.0,7.094925122785889,8.277614559154344,1.8548370640928848,-3.507375311011096,0.21070375052675655,23.666666666666668,2.044136973931858,6.510845067299287,20.995670995671002,-7.196969696969705
2005-06-30,6.2,96.309,8.931718949805889,7.23935626244685,92254.0,12.71004925563528,11.331285613185171,11.294453459500687,-3.6302244811515223,0.0,26.0,-0.3448446958420281,7.710185109679535,24.675324675324678,-4.545454545454552
2005-07-31,6.966666666666667,100.254,10.704415077687711,6.108706108706108,93670.0,4.860520589238804,8.69321315153937,6.117348193067285,0.5138712643794063,0.5892255892255838,24.666666666666668,0.10828838071486052,7.306455504455907,18.56661856661857,0.8158508158508129
2005-08-31,7.733333333333333,99.328,10.897613239103633,8.615548455804035,92836.0,16.802028310420837,8.361754561275191,11.88254223652454,2.30143456565628,1.1784511784511675,23.333333333333332,0.5614214572717491,6.90272589923228,12.457912457912458,6.177156177156178
2005-09-30,8.5,95.345,11.11491693783182,4.52491122350156,99431.0,14.85881242883218,9.156662743871724,22.25230313772082,-0.3981400975335725,1.7676767676767513,22.0,1.0145545338286377,6.498996294008652,6.349206349206349,11.538461538461542
2005-10-31,8.733333333333333,94.652,11.59786159786158,7.084835117542632,103151.0,21.319595280884272,6.085111079431793,18.9655826661101,9.999302169756618,2.5887075887075803,20.666666666666668,1.5771476338075998,6.963113326772093,11.640211640211643,1.4423076923076952
2005-11-30,8.966666666666667,96.278,2.514617262931496,6.614763880206853,96553.0,17.234266503529483,6.599646366138656,21.12880484365929,10.056155978343083,3.4097384097384094,19.333333333333332,2.139740733786562,7.4272303595355345,16.931216931216937,-8.653846153846152
2005-12-31,9.2,107.286,11.016544136339146,3.838288500865184,103147.0,21.61829892351461,4.355751398817542,5.508045826941288,16.42366869499492,4.230769230769238,18.0,2.7023338337655245,7.891347392298975,22.222222222222232,-18.75
2006-01-31,9.533333333333333,100.579,5.641569061395213,5.416080510767229,89816.0,9.743271510361428,5.682510629973492,0.0,8.94593256403664,3.909290039943314,20.333333333333332,0.2674147269957996,6.33533474473796,31.195767195767196,-19.64285714285714
2006-02-28,9.866666666666665,101.159,1.6880071232395544,4.123772334634968,84639.0,39.88986326853421,9.002405487939003,35.572673317338044,30.218284374162145,3.58781084911739,22.666666666666668,-2.1675043797739253,4.779322097176944,40.169312169312164,-20.53571428571428
2006-03-31,10.2,99.185,8.931262494233438,3.436114469971785,107329.0,11.84271061061617,7.290137291181242,24.058843970809683,16.142314305313988,3.266331658291466,25.0,-4.60242348654365,3.22330944961593,49.14285714285713,-21.42857142857142
2006-04-30,9.733333333333333,95.787,5.924045514282184,3.5920224303020776,94399.0,10.011344728227488,9.708820460926049,1.924255908236927,7.551773678950213,3.604926395200181,24.333333333333332,-1.7098550130859071,2.91353208743117,56.72023809523809,-20.634920634920633
2006-05-31,9.266666666666667,101.74,13.610415623435168,4.844518845431955,93389.0,24.51790388650177,9.427572259950368,10.143040307716976,18.012412933935384,3.943521132108896,23.666666666666668,1.1827134603718354,2.60375472524641,64.29761904761904,-19.841269841269842
2006-06-30,8.8,98.32,6.946148314226486,1.229672756474609,95094.0,20.62268610314728,6.550497835214153,22.348311843445856,10.218959460875787,4.282115869017611,23.0,4.075281933829578,2.29397736306165,71.875,-19.047619047619055
2006-07-31,8.733333333333334,102.047,4.595518818445021,7.17739498337866,97225.0,18.652915400071567,7.035480287271345,19.925479748252823,4.749093859963938,3.6405172790969407,23.333333333333332,6.589225148327323,2.8499646700731165,67.98300165837479,-18.445539135194313
2006-08-31,8.666666666666666,100.507,4.741007846872591,11.28542013922933,96782.0,15.264258481304791,11.551723369848489,5.366002732436903,4.0980744046466455,2.9989186891762705,23.666666666666668,9.103168362825066,3.405951977084583,64.09100331674959,-17.84345922276957
2006-09-30,8.6,97.86,6.677162233574085,9.656663406599076,99984.0,11.958962398824236,7.597129098710198,6.512872801427472,1.5273217880251488,2.3573200992556,24.0,11.617111577322811,3.96193928409605,60.19900497512438,-17.24137931034483
2006-10-31,8.566666666666666,100.174,4.286810993397827,9.283633075454656,97070.0,-3.138003190118055,8.329811283131638,3.625083729386613,-2.003801969317132,2.801559032960066,22.0,9.344224255682908,3.6515558451596077,62.85994271068898,-11.49425287356322
2006-11-30,8.533333333333333,100.24,12.196934103995735,11.785086082831398,101016.0,9.500087579980132,8.338819586350787,16.445273717005037,-5.384406521557317,3.245797966664532,20.0,7.071336934043004,3.341172406223166,65.52088044625359,-5.74712643678161
2006-12-31,8.5,109.616,7.708583309671457,10.50850881179619,100112.0,7.632415333250941,13.359183611473346,5.723213042738484,-16.274164070101182,3.690036900368998,18.0,4.7984496124031,3.030788967286724,68.18181818181819,0.0
2007-01-31,8.533333333333333,99.091,3.528534526377447,11.404814453626244,88096.0,12.374265412815344,15.604514845586737,15.52859220699685,4.369229872093139,4.7309086229548365,19.333333333333332,6.611383041823804,4.614407571053654,57.71508185301289,4.545454545454541
2007-02-28,8.566666666666666,99.654,22.317321329469088,20.330700607989076,80158.0,-6.968301826490975,17.086401607432244,5.320417287630397,-14.86677580905118,5.771780345540675,20.666666666666668,8.424316471244508,6.198026174820585,47.24834552420759,9.090909090909083
2007-03-31,8.6,104.16,-0.4630283181343397,11.587920116902106,98776.0,3.5686476537295286,14.791773629904448,0.0,-15.303262602390932,6.812652068126512,22.0,10.237249900665212,7.781644778587515,36.7816091954023,13.636363636363624
2007-04-30,9.066666666666666,96.842,5.143105587427477,13.440915126136254,89565.0,8.92761393827628,13.233421490841412,22.040048119833912,-7.956928471443369,7.722122312728463,24.0,8.921820940330893,8.616324041292488,30.78369905956113,4.188948306595357
2007-05-31,9.533333333333333,103.044,3.5368672621846065,13.658796206696325,88053.0,-0.8793686349029328,17.651366891960052,16.644537005038273,-11.690374506461431,8.631592557330414,26.0,7.606391979996573,9.451003303997462,24.785788923719963,-5.25846702317291
2007-06-30,10.0,105.749,15.47703809184764,15.057761911844892,93232.0,0.8814508941054289,22.519266292035777,-10.624856420859174,-8.412052687011162,9.541062801932366,28.0,6.290963019662255,10.285682566702436,18.7878787878788,-14.70588235294118
2007-07-31,10.333333333333334,103.97,-2.630549677574634,14.859720851543766,92967.0,3.004899832499963,22.74338579475685,24.86839775270045,-5.739153598825508,9.835456009369052,26.333333333333332,4.5202043765042665,9.182743649385685,19.357550661898497,-22.30392156862745
2007-08-31,10.666666666666666,105.974,4.360770388333757,8.224669603524216,94659.0,-1.287192332525433,22.14246206622512,14.728814426833626,0.5811391611031169,10.12984921680574,24.666666666666668,2.7494457333462785,8.079804732068936,19.927222535918194,-29.901960784313726
2007-09-30,11.0,102.385,4.398484989215357,10.599446087405507,95972.0,-0.0214575894948665,23.859289700783304,-3.0079574009812093,-5.93924844312207,10.424242424242426,23.0,0.9786870901882904,6.976865814752187,20.49689440993789,-37.5
2007-10-31,9.533333333333333,102.762,1.3535133437374336,10.453249977015734,96369.0,19.445193499403167,26.46000188071092,3.3951519815313524,-6.82141482564953,9.677846076422592,18.0,2.0332307997265855,7.425130603695577,21.172103780799432,-37.82051282051282
2007-11-30,8.066666666666666,103.622,-4.348207155795336,10.781041388518052,96934.0,12.819115765275637,23.753867037060417,-2.8636530687247475,-9.028184878754232,8.93144972860276,13.0,3.087774509264881,7.873395392638967,21.847313151660973,-38.14102564102564
2007-12-31,6.6,116.202,-1.7671119879584696,13.425333577042563,95904.0,5.491675240547522,22.3878597160172,-3.988353889596041,-11.608325537911824,8.185053380782925,8.0,4.142318218803176,8.321660181582358,22.522522522522515,-38.46153846153846
2008-01-31,7.133333333333333,100.998,2.444524470967524,13.135222299009431,93371.0,25.73841673160025,24.832565561234343,8.279495080011934,-0.7366145236081145,6.026178335859841,6.333333333333333,3.394447059712006,8.27133763654592,19.870290458525744,-34.97435897435898
2008-02-29,7.666666666666666,108.018,-5.278228692995635,9.005052651461497,83096.0,19.971926087949377,25.97567745048599,10.21649922173482,-2.3753929854848144,3.867303290936756,4.666666666666666,2.646575900620836,8.221015091509482,17.218058394528974,-31.48717948717949
2008-03-31,8.2,104.509,-0.5001654611638928,12.056397049194633,98179.0,18.40527403814869,24.21651959219522,17.777777777777757,-7.96142015698087,1.7084282460136713,3.0,1.8987047415296665,8.170692546473045,14.565826330532206,-28.000000000000004
2008-04-30,6.566666666666666,99.354,1.9384575042107557,14.076708382101376,92140.0,26.953340725565237,28.99473760092273,-5.264162042704735,-1.0683432943076054,0.624435442215654,2.6666666666666665,0.5966760268642843,6.181966045717931,12.346605308790178,-19.816091954022994
2008-05-31,4.933333333333334,107.86,-0.4011087250607725,12.085479545357792,92543.0,19.413970325273965,23.31416694818902,-13.460159051925768,-10.370595451193786,-0.4595573615823634,2.3333333333333335,-0.7053526878010978,4.193239544962816,10.127384287048152,-11.632183908045981
2008-06-30,3.3,103.883,-9.078998073217726,8.894251486684478,92057.0,19.41863484005626,22.1806492852374,2.2940496080195327,-16.788877428463834,-1.5435501653803807,2.0,-2.00738140246648,2.204513044207701,7.908163265306123,-3.4482758620689724
2008-07-31,2.1666666666666665,104.925,5.955299206921416,11.660734012519946,94163.0,26.980100666746782,21.647130106499503,-21.924271919759686,-14.188200251641224,-1.7974198321708916,-3.666666666666667,-1.8292736416461715,1.893383460518742,6.646679290272813,6.590038314176238
2008-08-31,1.0333333333333332,105.004,-0.1255225785034897,7.522285993405786,93256.0,15.426393153984952,20.202779803105454,-11.969485173839322,-19.429568921225048,-2.0512894989614026,-9.333333333333334,-1.6511658808258631,1.5822538768297831,5.385195315239503,16.62835249042145
2008-09-30,-0.1,102.328,2.6809280439703764,8.471626840966007,92512.0,26.73887741261873,24.10971267291313,3.3017194849255915,-11.835060863147708,-2.3051591657519133,-15.0,-1.4730581200055548,1.271124293140824,4.123711340206193,26.66666666666666
2008-10-31,-1.2,107.413,-8.168542154906932,4.960878974529703,87469.0,4.97841534617931,19.05607211962137,-12.174573168008806,-14.118497559373356,-5.447591490618235,-27.666666666666664,-2.766188730266335,-1.104571713742549,-8.198571524829859,34.444444444444436
2008-11-30,-2.3,104.182,-5.403121532055266,-1.497869409891106,80931.0,-8.87096058420852,18.59930106944028,-6.678571969066383,-16.56004321520267,-8.590023815484557,-40.33333333333333,-4.059319340527116,-3.480267720625922,-20.520854389865914,42.22222222222221
2008-12-31,-3.4,111.02,-2.901787646625986,-13.129481911207783,71764.0,-16.535567851529898,18.400778246630377,-13.35354982247079,-24.67329285084271,-11.732456140350877,-53.0,-5.352449950787896,-5.855963727509295,-32.84313725490197,49.99999999999998
2009-01-31,-4.833333333333334,103.9,-14.369889269243965,-19.59602541130476,62847.0,-33.491588904304805,22.69525295087238,-25.72058013585461,-39.1971895791955,-11.517046161503044,-51.333333333333336,-5.441895056136351,-6.268435802286931,-36.56535148696806,55.555555555555536
2009-02-28,-6.2666666666666675,92.981,-8.246226555680924,-19.83625021660025,61659.0,-20.72770668855533,18.78635065684979,-11.458467068943378,-31.309417535054727,-11.301636182655214,-49.666666666666664,-5.531340161484806,-6.680907877064568,-40.287565719034156,61.1111111111111
2009-03-31,-7.7,98.286,-8.5598084305751,-14.561177982937934,70340.0,-28.24946160304433,23.65391567708206,-32.247238518048725,-23.372071152147644,-11.086226203807382,-48.0,-5.620785266833261,-7.093379951842205,-44.00977995110025,66.66666666666666
2009-04-30,-5.533333333333333,94.763,-13.298309142896702,-17.718322086736904,70843.0,-31.284065461115475,18.165992796528464,0.7636021884335209,-25.150639662198028,-8.921239268383719,-33.0,-2.0699594840312874,-5.724230681027539,-42.10581074754201,59.92063492063491
2009-05-31,-3.366666666666667,99.964,-12.527188624944207,-20.28864413216862,74766.0,-27.96860628646418,18.14007367614481,4.911888716710511,-20.01220124272041,-6.756252332960056,-18.0,1.4808662987706862,-4.355081410212872,-40.201841543983775,53.17460317460316
2009-06-30,-1.2,97.928,-10.365158750341418,-17.016224772457456,75425.0,-26.771413742718085,18.80287332315298,-6.625730259438411,-18.67123141836261,-4.591265397536393,-3.0,5.0316920815726585,-2.9859321393982063,-38.297872340425535,46.428571428571416
2009-07-31,0.1333333333333333,98.845,-10.704564896181669,-18.63251621413653,80996.0,-26.969078996340045,20.394636015325677,18.00663793530488,-14.083753264748722,-2.4241394785074073,3.666666666666667,4.718528762292566,-3.3965185774597617,-28.41970367249491,48.49624060150376
2009-08-31,1.4666666666666666,100.443,-6.104325065436866,-13.817906492523193,81040.0,-22.515369152523768,21.393948955361108,12.500633478047863,-12.735488053115995,-0.2570135594784215,10.333333333333334,4.405365443012473,-3.8071050155213175,-18.541535004564285,50.56390977443609
2009-09-30,2.8,97.285,-13.83831868375196,-16.054309973784076,83372.0,-20.05950771350641,20.56913783141641,-6.395366195921548,-11.475700489280438,1.910112359550564,17.0,4.09220212373238,-4.217691453582873,-8.66336633663366,52.63157894736843
2009-10-31,4.133333333333333,100.486,-4.535628038427875,-8.235527359238692,90721.0,-16.401216089467386,22.08484439347409,2.642283312430082,-13.52120112267009,6.863470351501618,19.333333333333332,4.5881660534281705,-1.3420955341092005,4.443400544434011,30.921052631578956
2009-11-30,5.466666666666667,98.123,-2.433433067137347,1.6779549923530812,89193.0,-4.383268480950697,25.401831142871355,-9.579333160352888,-6.761452737366669,11.816828343452672,21.666666666666668,5.08412998312396,1.533500385364472,17.550167425501684,9.21052631578948
2009-12-31,6.8,109.224,-4.929433057247035,5.912906367388593,92431.0,16.210872339818437,23.470816524401684,15.297221245163572,26.685683167848808,16.770186335403725,24.0,5.58009391281975,4.409096304838145,30.65693430656935,-12.49999999999999
2010-01-31,9.966666666666667,101.383,3.188349134981916,18.1270259319287,87999.0,29.400278709081974,14.216243496232916,41.04259350799142,24.607924579777983,18.44292858968141,28.0,6.719188098695169,6.41160743129187,41.3986548943359,-18.333333333333325
2010-02-28,13.133333333333333,101.07,6.089397788837458,17.97892461496893,78780.0,16.674242421382356,17.452507112871295,19.64945987094904,27.4449164931416,20.115670843959094,32.0,7.858282284570588,8.414118557745594,52.14037548210244,-24.16666666666666
2010-03-31,16.3,101.009,-4.161990273101379,9.86185200382983,95840.0,31.131195836567183,13.888983473742922,52.40453995865675,33.60964853135713,21.78841309823678,36.0,8.997376470446007,10.416629684199318,62.882096069868986,-29.999999999999996
2010-04-30,17.066666666666666,99.879,-3.972293226218737,11.30401419596183,93153.0,31.763171766458665,17.196190079830508,49.0814610016489,21.24896375655423,18.516219060796352,35.0,6.210342376383487,11.920731126183645,66.18704233521278,-30.569105691056908
2010-05-31,17.833333333333336,106.467,-6.265337589853837,15.423098913664932,94993.0,20.466502872343995,19.88094691579061,58.63904918933773,42.73746417769368,15.244025023355928,34.0,3.423308282320966,13.42483256816797,69.49198860055657,-31.138211382113816
2010-06-30,18.6,102.18,-8.164509078681926,14.210777300906052,94280.0,26.428416510177044,18.123664919413883,28.38353768269506,40.22596245634942,11.9718309859155,33.0,0.6362741882584455,14.928934010152297,72.79693486590037,-31.707317073170728
2010-07-31,15.833333333333334,104.329,-2.743305029392551,13.518868774205185,99325.0,21.585296002879662,17.030632703070104,9.263146111437614,21.93159203408639,9.635024405898829,31.0,-1.4265680431515553,15.611034689160142,60.54574338846836,-33.78188954303336
2010-08-31,13.066666666666666,103.005,-0.5442538081173565,6.584669448715141,95243.0,20.048451535501037,18.25634142707177,6.920732165112553,31.574664641543126,7.298217825882158,29.0,-3.489410274561556,16.293135368167988,48.29455191103635,-35.85646201289599
2010-09-30,10.3,102.391,1.572119735857069,4.120443740095081,92701.0,6.978256452796461,17.118045769917845,25.98481707122582,16.62789993376663,4.961411245865488,27.0,-5.552252505971556,16.975236047175834,36.04336043360434,-37.93103448275862
2010-10-31,11.3,106.595,-1.776285266111377,3.3617076437799653,97194.0,9.537667652395143,17.954124156277864,29.581744026683836,33.07980819333556,4.300515298662096,24.333333333333332,-4.750413665611301,16.478512543526435,31.757026136369376,-26.874657909140666
2010-11-30,12.3,104.102,0.124651142267762,3.807641067514722,91645.0,13.942583294337174,20.05417672073262,41.21096902631061,11.74496022146001,3.6396193514587045,21.666666666666668,-3.948574825251047,15.981789039877034,27.47069183913441,-15.818281335522716
2010-12-31,13.3,113.591,3.344149145675868,4.1684911113057055,95528.0,6.578529323735527,20.342861666743328,8.813569663504062,-1.4253572076444398,2.9787234042553123,19.0,-3.146735984890792,15.485065536227635,23.18435754189945,-4.761904761904767
2011-01-31,11.933333333333334,107.579,0.1079831773576289,3.593019765896321,90797.0,12.897835754271837,22.872136169818823,25.629755107405195,7.139291174983664,1.9858156028368747,18.333333333333332,-3.141581962308097,12.670070271312845,26.18009895107863,-7.936507936507941
2011-02-28,10.566666666666666,104.066,-14.32945499081445,-1.6626969585928797,79108.0,3.9539571427438913,19.792936387440776,11.037219941526663,-13.059351514604067,0.9929078014184374,17.666666666666668,-3.1364279397254027,9.855075006398053,29.175840360257816,-11.111111111111114
2011-03-31,9.2,105.679,-1.6676967784609031,3.925962815405049,100510.0,18.41942351463104,22.03287957078821,20.116442738323716,-12.386040794313836,0.0,17.0,-3.1312739171427078,7.040079741483263,32.171581769437,-14.28571428571429
2011-04-30,7.1,104.04,5.954771779301504,6.045329196828675,93605.0,4.898484016800464,23.49238728214067,-6.955647413696797,-8.501930091474996,0.6638714185883984,17.666666666666668,-2.3275976377179637,5.909960163526029,29.429982820422893,-10.714285714285714
2011-05-31,5.0,109.653,7.557573791761274,6.163054695562442,94706.0,18.63538869690584,20.82110457928994,-14.930818699521463,-16.06968567712964,1.3277428371767968,18.333333333333332,-1.5239213582932196,4.779840585568795,26.688383871408785,-7.142857142857136
2011-06-30,2.9,108.58,8.747339756058503,3.645093945720257,93492.0,4.010638062655003,20.69159692077076,13.378224359058333,-15.58129035796596,1.991614255765195,19.0,-0.7202450788684756,3.6497210076115616,23.94678492239468,-3.5714285714285587
2011-07-31,4.533333333333333,111.487,8.437430042534144,4.708822596001272,95727.0,-3.225360191810056,21.18964306629101,5.436313807852877,-13.503524703524027,0.9075747699499037,9.666666666666666,0.276341451301095,4.440060464730244,18.4877636534424,-2.3809523809523725
2011-08-31,6.166666666666667,106.094,0.7218570300421501,8.213814704912625,89468.0,16.572153765412388,21.196624274302334,14.274078027132544,-16.14874655733104,-0.1764647158653876,0.33333333333333215,1.2729279814706655,5.230399921848927,13.028742384490121,-1.1904761904761862
2011-09-30,7.8,105.899,-3.7182082196602906,7.896857373086208,89327.0,9.416950881074747,21.2678720236702,7.514399645547187,-11.71008129583242,-1.260504201680679,-9.0,2.269514511640236,6.02073937896761,7.569721115537842,0.0
2011-10-31,6.966666666666667,108.323,5.958298657189753,7.382634505246433,90549.0,10.981774870866667,20.53318396037063,6.605841276313784,-28.912192216831635,-1.7012176771535104,-14.333333333333332,-0.1700119364652899,5.235996906485278,10.791000773926207,-3.3333333333333326
2011-11-30,6.133333333333333,106.813,3.3206266663728723,2.34320016559717,87823.0,16.966164186223676,18.042542856709165,-2.301390741093534,0.2093912460200853,-2.141931152626342,-19.666666666666664,-2.6095383845708158,4.451254434002945,14.012280432314572,-6.666666666666665
2011-12-31,5.3,117.231,3.2286751361161548,10.92896174863387,92472.0,5.801094087874525,16.095104323166233,25.185039811595832,-4.226555253682863,-2.5826446280991733,-25.0,-5.049064832676342,3.666511961520613,17.233560090702937,-9.999999999999998
2012-01-31,5.133333333333333,114.597,1.008648259939804,5.24398824551966,77620.0,7.136548767987283,11.675855343203278,-9.95699174706498,-10.863787755382726,-1.1357582594773523,-14.666666666666666,-4.2019338460685685,4.752341708201084,9.79870875553286,-4.814814814814812
2012-02-29,4.966666666666667,104.58,13.10885326253448,9.245889421957232,86677.0,25.18633521715916,10.127764504575442,12.21844772779981,23.309332428200943,0.31112810914446865,-4.333333333333332,-3.354802859460796,5.838171454881554,2.3638574203627822,0.3703703703703738
2012-03-31,4.8,110.61,6.391354689309137,5.770305886111338,95552.0,1.4814223746723698,8.881491963587983,-3.396150035687262,2.821376498859296,1.7580144777662898,6.0,-2.5076718728530234,6.9240012015620245,-5.070993914807298,5.555555555555558
2012-04-30,5.266666666666667,107.757,2.017675691438048,5.643817805046525,87470.0,3.03255420257178,6.544803084059248,-1.9331444214975235,1.015819385529371,0.8636848830877711,4.666666666666667,-1.9912945379142233,8.80716961253345,-8.50886773807666,2.4691358024691357
2012-05-31,5.733333333333333,110.509,0.7054540754781957,8.600979858464886,89871.0,7.680705185963554,6.038040377673126,6.423162583518938,3.941151551557165,-0.030644711590747553,3.3333333333333335,-1.4749172029754232,10.690338023504875,-11.946741561346021,-0.6172839506172867
2012-06-30,6.2,110.779,0.0063129320412969,9.189058534423712,90221.0,6.266355851159089,5.430369541996272,7.726616211219595,1.6331366980049775,-0.924974306269266,2.0,-0.958539868036623,12.5735064344763,-15.384615384615383,-3.703703703703709
2012-07-31,4.8,111.453,-3.5425999710976708,4.9289638189050855,91374.0,4.632674508043944,5.740323141599246,2.176579903074183,2.2410733051562826,-0.013812658080218254,1.6666666666666667,-2.3023996155617343,10.183163076577273,-8.774928774928771,-4.320987654320992
2012-08-31,3.4,109.748,2.6182693581872085,4.532124766728862,87466.0,-8.481331126294112,3.5413836285268063,-2.8401130637827343,-10.926922251592863,0.8973489901088295,1.3333333333333335,-3.6462593630868456,7.7928197186782455,-2.1652421652421605,-4.938271604938275
2012-09-30,2.0,107.919,2.6884054659293444,8.252427184466015,91008.0,-2.661668906446424,2.06361719426198,-3.607634432657092,-16.538466720632773,1.8085106382978775,1.0,-4.990119110611957,5.402476360779218,4.444444444444451,-5.555555555555558
2012-10-31,2.9,109.462,-0.8427443321728734,4.153852143107417,88252.0,3.6364801427680495,2.8551150827586858,-4.952187425292854,-0.7628066658303512,2.089378248084054,-1.0,-4.107006945866853,7.653566070212422,-2.0660505766888715,-7.4074074074074066
2012-11-30,3.8,108.514,0.2793772659415605,4.732818251688853,88572.0,-4.269134657563112,4.186015199455984,2.797602797602794,-16.5395696748461,2.3702458578702306,-3.0,-3.22389478112175,9.904655779645626,-8.576545597822193,-9.259259259259256
2012-12-31,4.7,117.528,-2.403347456882144,-0.6782872300113763,90607.0,-2.486885594406352,7.74718799558014,1.6102662874291518,-19.114610100856638,2.6511134676564074,-5.0,-2.3407826163766465,12.155745489078829,-15.087040618955516,-11.111111111111104
2013-01-31,4.266666666666667,108.406,-4.133880395683454,3.417492527921961,84396.0,0.739534356182725,11.158195122549609,0.1536197459464983,-5.694023078757404,1.8351596559443775,-1.3333333333333335,-0.18947885903188855,13.004799563304974,-6.995349016625619,-9.161793372319682
2013-02-28,3.8333333333333335,108.434,1.6024555939242235,0.6907137375287808,74679.0,-12.091809156792255,13.974741022329074,-15.504224667193489,-27.42628241278735,1.0192058442323477,2.333333333333333,1.9618248983128694,13.853853637531119,1.096342585704278,-7.212475633528259
2013-03-31,3.4,112.637,-4.5635928317492525,-0.1887718503416735,99032.0,-12.837528996864666,15.502291661332258,-3.5883241621913697,-17.897550785860727,0.2032520325203179,6.0,4.113128655657627,14.702907711757264,9.188034188034177,-5.263157894736836
2013-04-30,3.8,107.455,0.0428755180791773,1.069230769230778,88136.0,5.97576002127258,15.295242505842577,5.146068516296487,-8.9539134360756,1.138267606742449,7.0,5.081712858996597,12.268690941257312,9.508019973136246,-3.508771929824557
2013-05-31,4.199999999999999,111.662,2.9988342620022923,1.2030075187969835,91223.0,-1.929782990775997,16.624501160732976,2.585444021908123,-13.21749852709585,2.07328318096458,8.0,6.050297062335567,9.834474170757357,9.828005758238314,-1.7543859649122786
2013-06-30,4.6,112.677,-1.5107996927900436,0.5460448642266691,93481.0,-5.763530491638747,19.579782950492785,-4.655054058692299,-12.41061284213898,3.0082987551867117,9.0,7.018881265674537,7.400257400257404,10.147991543340384,0.0
2013-07-31,5.1,111.302,-3.079853605290761,6.607452339688047,94748.0,11.938606642521131,15.917244787064243,2.924289433329763,-11.037128086087687,3.4336063453247543,8.666666666666666,7.032008149519801,7.545128715732526,10.015918712108718,-1.9607843137254868
2013-08-31,5.6,110.062,-2.902278132297398,2.6778882938025994,89611.0,4.783911750688019,16.946604880950765,3.530274858017424,-9.265564427203987,3.8589139354627973,8.333333333333334,7.045135033365065,7.690000031207648,9.88384588087705,-3.9215686274509736
2013-09-30,6.1,108.136,-1.937091803242208,4.097198267601865,90456.0,9.876790411160762,16.53153085000152,9.240597554570208,-5.96176974668543,4.28422152560084,8.0,7.058261917210329,7.83487134668277,9.751773049645385,-5.88235294117646
2013-10-31,5.766666666666667,109.075,-4.987048018667972,5.550571877102484,93370.0,9.357631004591903,14.598504286387405,8.36676433970096,-8.265715583710476,4.095817105221496,5.666666666666666,6.67954918937997,6.886083740415823,16.06838021077346,-3.9215686274509736
2013-11-30,5.433333333333333,107.726,-4.658556815040093,4.063187980379301,92348.0,-2.7432820845375128,11.916338563383167,6.7910211824217415,-8.855185058028159,3.907412684842152,3.333333333333333,6.300836461549612,5.937296134148877,22.38498737190153,-1.9607843137254868
2013-12-31,5.1,116.091,-1.4771580919440863,5.272595475182196,92640.0,3.829050258938316,9.87015054463427,6.383072514877686,-3.084693662457749,3.7190082644628086,1.0,5.922123733719253,4.98850852788193,28.701594533029606,0.0
2014-01-31,4.833333333333333,113.969,5.521844067266635,2.137125907898252,88383.0,1.428700185194698,10.734896604620015,3.539435185543227,-16.991953794850577,3.4597309998379546,2.333333333333333,4.28613883437728,3.1174844439648393,25.266164130956465,1.8518518518518527
2014-02-28,4.566666666666666,105.118,-8.606748561654499,2.184959349593485,78283.0,5.257934344509585,7.819063936343729,13.091709591090916,-3.690847859240765,3.200453735213101,3.6666666666666665,2.650153935035308,1.2464603600477484,21.830733728883324,3.7037037037037055
2014-03-31,4.3,108.211,0.3573057625056997,7.247418390891558,99155.0,15.030353496027637,6.900927517655875,12.188175548159077,-16.041062421291606,2.941176470588247,5.0,1.0141690356933353,-0.6245637238693424,18.395303326810183,5.555555555555558
2014-04-30,3.9666666666666663,103.435,-6.235164835164841,6.225740162873894,91425.0,1.761717344214464,4.786064232269904,5.31457782642617,-8.730978284002012,3.0014019706573545,7.666666666666666,-0.7743446423480533,-0.05648750268866609,19.813119684284207,3.703703703703705
2014-05-31,3.6333333333333333,110.278,-5.102432844964544,4.107408193589479,92778.0,-0.3685846947472426,3.5175975164487783,-1.91410985731606,-15.314439540738425,3.0616274707264615,10.333333333333332,-2.562858320389442,0.5115887184920103,21.230936041758227,1.8518518518518525
2014-06-30,3.3,106.363,-2.822257592428401,4.120798473506548,93757.0,-2.609732787588215,-0.8254545291285442,0.7357242496512706,-17.39005352238334,3.121852970795569,13.0,-4.351371998430831,1.0796649396726865,22.64875239923225,0.0
2014-07-31,3.433333333333333,106.511,0.4714689515060488,-0.2506265664160456,95362.0,-6.499156527383788,2.217863599067682,2.6448610004273343,-7.928122079696209,2.849438386676003,11.0,-2.3785773121298037,1.3129289549586993,18.060934555869427,2.0833333333333335
2014-08-31,3.566666666666667,112.559,0.8699988917211465,1.8132141082960904,93653.0,-8.874223212341503,1.7301583100340912,3.824068417837512,-6.871926916022753,2.5770238025564365,9.0,-0.40578262582877667,1.5461929702447124,13.4731167125066,4.166666666666667
2014-09-30,3.7,106.164,1.680357629118645,3.4572901325478744,89190.0,-2.506644734491392,1.594773329386312,-1.1584220413274893,-4.032923471502004,2.3046092184368705,7.0,1.5670120604722504,1.7794569855307252,8.885298869143776,6.25
2014-10-31,3.966666666666667,110.426,6.333720131135712,5.223272778781118,96100.0,-8.270330522924718,4.018223376663865,0.3202970871532873,-3.6499095117622495,2.366419425837063,3.3333333333333335,3.081620817748669,2.401442416158983,8.69639393636134,4.166666666666666
2014-11-30,4.233333333333333,106.715,4.006201135387744,6.090635786660714,92336.0,-8.258369267207543,4.583676074867715,-1.9266978506720325,-10.243908162955616,2.4282296332372555,-0.33333333333333304,4.596229575025086,3.023427846787241,8.507489003578902,2.083333333333333
2014-12-31,4.5,114.874,1.97926570613618,5.428913130141688,95041.0,-0.8052956302267211,3.63550980515186,-1.801475158496657,0.390902519184122,2.490039840637448,-4.0,6.110838332301505,3.645413277415499,8.318584070796465,0.0
2015-01-31,4.0,106.277,-4.548569311973328,3.5593283443166035,90559.0,-14.393905753226722,0.0794164912236938,2.1374596969961246,4.961580659636633,1.397300780457807,-1.6666666666666665,5.842130200308038,5.942009367546429,7.3088081133133445,-3.508771929824561
2015-02-28,3.5,105.527,15.375827915172868,8.051549809381742,79904.0,-20.10749231559545,3.075950479202727,-3.2734952481520474,-12.565378852975496,0.3045617202781661,0.666666666666667,5.573422068314571,8.23860545767736,6.299032155830224,-7.017543859649122
2015-03-31,3.0,104.935,2.8688302834201096,-3.5058018551828773,98133.0,-11.386930421930575,2.26434088846772,-10.406280267115251,10.388723517081733,-0.7881773399014746,3.0,5.304713936321104,10.535201547808292,5.289256198347103,-10.526315789473683
2015-04-30,3.033333333333333,99.635,6.0731781637484605,-5.670989467650644,91091.0,-13.619150413377234,1.2261474029728436,-8.712862529162656,-3.972554772316173,-0.8835244766009868,2.6666666666666665,6.105615344422162,10.449085836260954,3.056687230822952,-7.0175438596491215
2015-05-31,3.066666666666667,104.915,6.25759084393771,-10.86757059843001,91842.0,-19.739591055679984,0.820266896222055,-1.2229326614532576,-2.8374990500763864,-0.978871613300499,2.3333333333333335,6.906516752523221,10.362970124713618,0.8241182632988009,-3.5087719298245608
2015-06-30,3.1,98.929,7.660683074826036,-7.777973568281937,88875.0,-4.192109243274633,2.366144097638756,-2.6779532307417475,7.594339318864618,-1.074218750000011,2.0,7.70741816062428,10.27685441316628,-1.4084507042253502,0.0
2015-07-31,3.3000000000000003,102.984,5.919006538820804,-13.265652587260623,88748.0,-8.278065090794584,1.961869138793637,-6.062583686834023,2.4496846351713897,-1.5976345698661465,-0.6666666666666665,8.200953858417325,10.997849074788416,-4.598709965032528,0.0
2015-08-31,3.5,105.735,7.531725539746192,-11.968075837312242,87214.0,-4.404716532366315,2.3150680585081185,-4.695222405271837,-2.714899986240471,-2.121050389732282,-3.333333333333333,8.694489556210371,11.718843736410552,-7.788969225839706,0.0
2015-09-30,3.7,101.129,3.916667596549761,-13.601907541193649,88289.0,-13.049489665719104,1.3326108501552358,-6.295533734558124,5.66085033833863,-2.6444662095984173,-6.0,9.188025254003415,12.439838398032688,-10.979228486646884,0.0
2015-10-31,3.2,103.698,2.985643905281554,-15.965538130174329,92380.0,-12.542007308627268,-1.1191914196365116,-3.2667792610415747,-3.2432412521278264,-3.1235216907526877,-10.0,10.151061609719472,11.317229393051752,-13.092906137067423,0.0
2015-11-30,2.7,99.809,4.676525152005828,-15.883011474951026,88137.0,-5.961245245302571,-0.4049253511927198,-2.7820039121930096,0.6294222198079735,-3.6025771719069586,-14.0,11.114097965435528,10.194620388070819,-15.206583787487963,0.0
2015-12-31,2.2,105.618,2.352329469560454,-13.540270186655668,91807.0,-9.136787684960602,0.1423687894658076,-11.888008608230573,-0.2910185504846674,-4.081632653061229,-18.0,12.077134321151584,9.072011383089883,-17.320261437908503,0.0
2016-01-31,2.566666666666667,103.695,6.079861852189605,-10.53747977709868,87783.0,-13.73676482375088,-0.6480844694364607,1.227360261316801,-0.5964563389672883,-3.3500192529842194,-16.333333333333332,8.614561183717033,6.222671639148757,-19.13449140339897,1.9607843137254906
2016-02-29,2.933333333333333,102.316,-4.152227266503039,-8.579098753595392,77116.0,4.099198132063608,-2.09870115110784,-3.356658073341412,0.6579794139358164,-2.61840585290721,-14.666666666666666,5.151988046282482,3.373331895207631,-20.94872136888944,3.921568627450981
2016-03-31,3.3,101.595,3.341118054240555,-7.964472385686616,96086.0,-13.297480905651138,-1.8445860373599745,0.7271444502605862,-9.120623102489024,-1.8867924528301996,-13.0,1.6894149088479304,0.5239921512665058,-22.76295133437991,5.882352941176472
2016-04-30,3.1999999999999997,98.94,1.328059398064263,-3.9876951122251314,94275.0,-12.800593967290464,0.8032040386535932,3.2751541284625763,-7.388300801591674,-1.6856339287377362,-10.666666666666666,0.899805546094227,0.10340342405963004,-21.78905750334322,6.485671191553544
2016-05-31,3.1,103.339,1.7907158744542515,1.6203438941629456,88182.0,-1.936208524992411,2.573135869633658,0.4066752493592895,-6.029250202219993,-1.484475404645273,-8.333333333333332,0.11019618334052361,-0.3171853031472457,-20.81516367230653,7.088989441930615
2016-06-30,3.0,97.591,-0.2215642229936643,-0.7298991134209842,94188.0,-6.956079865634834,1.6285099484603327,1.0855097076237996,-1.7168405428093392,-1.2833168805528097,-6.0,-0.6794131794131797,-0.7377740303541214,-19.84126984126984,7.692307692307687
2016-07-31,3.066666666666667,104.624,1.691204698021398,0.6576629477393015,93860.0,-14.759193076145394,1.5182566551933174,-3.298796190932507,-12.91640369192174,-0.45313010011368215,-6.666666666666667,-2.160167352078612,-0.07109491169393267,-16.67195767195767,7.088989441930615
2016-08-31,3.1333333333333333,101.049,-1.4468172064984297,6.19185240904232,92168.0,-4.91369333382945,1.5583018881967226,0.9951845906902124,-5.96154289933274,0.37705668032544537,-7.333333333333333,-3.6409215247440447,0.595584206966256,-13.502645502645507,6.485671191553544
2016-09-30,3.2,102.827,0.6904549700946117,6.973678790624871,97308.0,-7.137153216050562,5.08138335304964,7.855754488053979,-6.614090635335657,1.2072434607645732,-8.0,-5.1216756974094775,1.2622633256264448,-10.33333333333334,5.882352941176472
2016-10-31,3.766666666666667,102.891,0.8538831106035705,1.4457348818582183,100140.0,-5.745490652453822,7.409404856706736,1.209011982492636,-5.981396947726269,1.8517725739781352,-10.0,-5.800980348171118,2.0325795904098847,-10.907334211682041,10.171568627450974
2016-11-30,4.333333333333334,97.309,-0.4507550146495398,7.016303443686578,98300.0,11.45492163752122,7.434382086432589,11.67498820080981,3.470394278904254,2.496301687191697,-12.0,-6.480284998932758,2.8028958551933245,-11.481335090030742,14.460784313725476
2016-12-31,4.9,103.98,-0.2557522356424035,9.951494910941497,104434.0,13.205237755119173,7.670939345249317,22.41631147933527,5.669811867768404,3.1408308004052587,-14.0,-7.159589649694398,3.573212119976765,-12.055335968379444,18.74999999999998
2017-01-31,4.833333333333334,108.934,3.1423476153459307,5.421154155280505,91508.0,20.906324943362957,8.926331905467677,4.007079816502723,6.081959175656326,4.388084231309304,-9.666666666666668,-5.462072413425645,4.201378524128274,-10.679167068350521,18.055555555555543
2017-02-28,4.766666666666667,98.772,-2.9353261168196143,-3.632855105294086,88155.0,6.729242758614173,8.392941636646967,10.121672382818868,17.317151952440902,5.635337662213351,-5.333333333333334,-3.764555177156892,4.829544928279783,-9.3029981683216,17.36111111111111
2017-03-31,4.7,100.007,2.567339210456665,6.894360603653693,109176.0,18.79138550268509,8.901303981183695,11.189940915304408,5.18716195074449,6.882591093117396,-1.0,-2.067037940888139,5.457711332431292,-7.926829268292678,16.666666666666675
2017-04-30,4.366666666666667,96.328,0.5353832733616892,7.764724496657571,101178.0,7.147211592843794,8.965056555612083,6.672139799448762,5.420987807268185,6.421727395411596,1.0,0.5598105987503508,4.6305461406411785,-5.614585848828783,12.301587301587311
2017-05-31,4.033333333333333,97.58,0.1780457456171502,12.212050724093949,101489.0,18.914583496912503,8.210778972440224,4.965788306910657,31.652478821112997,5.960863697705794,3.0,3.1866591383888405,3.803380948851065,-3.302342429364887,7.936507936507946
2017-06-30,3.7,94.354,1.4182945672973624,8.649959579628153,101294.0,6.894236974882717,13.780068194463002,13.78868027334439,5.348056420326608,5.499999999999994,5.0,5.81350767802733,2.9762157570609515,-0.990099009900991,3.571428571428581
2017-07-31,4.233333333333333,101.095,0.8488843089041076,11.888927779722302,108063.0,15.571487972787445,13.917522588044262,23.29464517967077,16.195087304755738,5.721007289595755,6.333333333333333,4.068054505885381,3.52550624333392,-1.0937710871458894,4.23280423280424
2017-08-31,4.766666666666667,101.277,2.5431812055487724,9.883309100398918,106228.0,15.434728798949203,12.80320643534456,20.51322803071054,20.73279496170275,5.942014579191516,7.666666666666666,2.3226013337434313,4.074796729606889,-1.197443164390788,4.894179894179899
2017-09-30,5.3,99.68,-1.6604457715687304,7.816711590296488,107281.0,9.069299720970411,12.19105742284312,14.613042602252136,-7.588242851153293,6.163021868787277,9.0,0.5771481616014817,4.624087215879857,-1.3011152416356864,5.555555555555558
2017-10-31,5.033333333333333,99.958,-1.2587598053716564,16.738383798507762,106505.0,15.966304774282136,11.708231691722103,15.28481797880261,4.7289199163657925,6.4989890389164655,7.0,-0.22782801085294102,4.58465182985676,0.7056235467747105,1.9493177387914264
2017-11-30,4.766666666666667,97.948,4.1832177331385,15.70090552252148,109709.0,10.65545475696863,10.123658759563114,6.086927508508122,5.109158790564594,6.834956209045655,5.0,-1.0328041833073638,4.545216443833662,2.7123623351851074,-1.6569200779727051
2017-12-31,4.5,104.067,5.197530755788926,6.964382570963656,112168.0,1.5986089012112623,9.133244767833926,-2.406916584349661,-5.267313518598737,7.170923379174843,3.0,-1.8377803557617869,4.505781057810565,4.719101123595504,-5.263157894736836
2018-01-31,4.6,96.314,-8.594532767044106,14.089124385316198,104233.0,4.781853093873867,9.470530217418194,18.335050531945683,-3.9510509693172815,6.074807505308481,4.666666666666667,0.1797940696352638,4.029581354927829,8.149746591594946,-6.683375104427736
2018-02-28,4.7,101.29,9.0258593360808,22.88438098554764,87762.0,4.77392317653782,11.087105320748924,5.234016783458784,-12.663799503339146,4.9786916314421195,6.333333333333334,2.1973684950323147,3.553381652045092,11.580392059594388,-8.103592314118636
2018-03-31,4.8,101.621,-1.9929334233196985,13.270916926735032,111324.0,-0.6054458693460996,11.06418253739676,6.657048220926232,-7.546905088049893,3.882575757575757,8.0,4.214942920429365,3.0771819491623558,15.011037527593828,-9.523809523809534
2018-04-30,4.8,94.575,0.7472803982603304,7.0070474232858615,105903.0,11.118800285055276,11.591677331047112,10.87582734129342,-6.89241820790496,3.662633443439134,8.333333333333334,1.004019691336755,3.6073974268728386,15.54069168506255,-8.648056923918997
2018-05-31,4.8,97.699,-0.537227220858949,6.416128924404019,104567.0,9.5487001793662,9.22343893861839,13.00759175752042,-7.8370536333488445,3.442691129302511,8.666666666666666,-2.2069035377558555,4.137612904583321,16.07034584253127,-7.77230432402846
2018-06-30,4.8,96.178,1.0816373891372244,8.37230725623581,101973.0,12.735850481414946,4.172799520954418,8.212208577328628,-8.55636054470762,3.222748815165888,9.0,-5.417826766848465,4.667828382293804,16.599999999999994,-6.896551724137923
2018-07-31,4.266666666666667,99.674,-3.2799490100462347,8.915537017726805,108464.0,21.960214828881263,3.1892538699455297,6.672895506193677,-6.572999483277453,2.6166640041180855,7.0,-2.5772403164757556,3.0447116765770756,17.469679849340864,-4.597701149425282
2018-08-31,3.7333333333333334,103.526,-1.3022334111842393,7.087602632828927,107946.0,13.17530054662317,3.1001502893177824,3.325386761349214,-1.5604155326631175,2.010579193070283,5.0,0.26334613389695427,1.421594970860348,18.33935969868173,-2.298850574712641
2018-09-30,3.2,98.884,1.8630778740524656,6.746428571428575,108746.0,15.972598749622112,0.7743520812082849,0.4805015967888515,-1.7371960776558226,1.404494382022481,3.0,3.103932584269664,-0.2015217348563802,19.2090395480226,0.0
2018-10-31,2.666666666666667,100.076,0.5960805380220924,6.628115383314737,111866.0,19.772539422574354,-0.0998438919433408,5.19939734956798,-3.9774698847658607,0.6613525027720946,0.6666666666666665,4.119075499227935,-0.9528982858692487,20.817471286664563,1.8518518518518527
2018-11-30,2.1333333333333337,99.625,-1.18728948330189,1.2629740351348673,109866.0,8.77011956245708,0.0045798609301428,6.829022822816522,4.264088025320367,-0.08178937647829176,-1.666666666666667,5.134218414186206,-1.7042748368821174,22.42590302530653,3.7037037037037055
2018-12-31,1.6,107.282,-5.599332220367281,5.855109698793148,107346.0,6.139579117241345,0.1412496055035905,1.8299160202833955,-11.245551084845918,-0.8249312557286781,-4.0,6.149361329144476,-2.455651387894986,24.034334763948493,5.555555555555558
2019-01-31,1.6,100.976,7.287948160794677,0.2071569380867943,99992.0,7.955250391579849,-0.3998970312426131,4.579383480566257,-16.036337336434027,-1.5526889015705612,-1.3333333333333335,2.693853238183952,-2.6648557469026315,17.68635753297142,5.458089668615984
2019-02-28,1.6,98.974,-10.298454764476194,-2.918984023521909,81569.0,4.232502453943687,-0.6942290442378485,4.010663785408952,-8.39535072205424,-2.280446547412444,1.333333333333333,-0.7616548527765721,-2.8740601059102775,11.33838030199435,5.36062378167641
2019-03-31,1.6,101.525,-0.7017863652934775,3.775255838362624,107903.0,1.4961359604112712,-0.5606145382965888,-7.764779850248638,-26.88457566650729,-3.008204193254327,4.0,-4.217162943737096,-3.083264464917923,4.99040307101728,5.263157894736836
2019-04-30,1.5333333333333334,96.413,-1.8301216492625727,2.634377251054776,93418.0,7.587140218456545,-0.9693010342109564,4.224262737242923,-16.532425824728048,-3.2604434444162647,3.3333333333333335,-3.802765362428221,-3.230106563122307,0.8112121102379355,7.212475633528254
2019-05-31,1.4666666666666666,97.938,-2.309761916848574,-1.4138494407439972,99795.0,-0.5834015170799067,0.0038434650187602,-2.407338189091724,-31.732082232039605,-3.512682695578203,2.666666666666667,-3.3883677811193467,-3.3769486613266917,-3.3679788505414088,9.161793372319673
2019-06-30,1.4,99.303,-9.218314850121278,-2.0171968483342573,95347.0,-5.053534228523859,1.2412668925740444,-3.095701234408565,-32.01821703829532,-3.7649219467401407,2.0,-2.973970199810472,-3.523790759531076,-7.547169811320753,11.111111111111091
2019-07-31,1.2333333333333334,101.029,-1.6652545475465683,3.2519546832615376,102510.0,-6.542820362934099,-0.242120059168549,4.724097985477349,-24.25043972032267,-3.3717515963801605,1.6666666666666667,-2.0643795338335975,-3.2971093776877307,-10.508013154887875,9.161793372319673
2019-08-31,1.0666666666666667,105.044,-4.167221544986122,-0.7160282609384505,101294.0,-6.401381942243889,1.6590289581787545,-7.283045172945313,-25.888454654533056,-2.978581246020181,1.3333333333333335,-1.1547888678567229,-3.070427995844386,-13.468856498454997,7.212475633528255
2019-09-30,0.9,101.372,-2.825478276607296,3.512998092943897,102895.0,-4.799707912273776,1.754845969300023,-1.42780774651311,-24.77118731060928,-2.5854108956602007,1.0,-0.2451982018798482,-2.843746614001041,-16.429699842022117,5.263157894736836
2019-10-31,1.0666666666666667,102.131,-4.751684193230377,2.5784148932796347,104161.0,-10.279690314598932,1.8379732243664515,3.923345219305929,-16.428052876876798,-2.8634717123255307,0.0,-2.19501651647734,-1.0187058330698213,-15.451403124208515,5.263157894736836
2019-11-30,1.2333333333333334,102.377,-5.7428751361996095,8.392211496998048,105337.0,-5.817806418344196,4.313083905526538,-12.309005799746808,-23.285090734377512,-3.141532528990861,-1.0,-4.1448348310748315,0.8063349478613984,-14.473106406394914,5.263157894736836
2019-12-31,1.4,107.173,-4.361051179570619,4.126081819052785,106117.0,-2.31616570715657,3.637701286773476,-3.7367633744045943,-21.260685241141854,-3.419593345656191,-2.0,-6.094653145672324,2.6313757287926176,-13.494809688581311,5.263157894736836
2020-01-31,1.3666666666666667,107.212,-6.496324626359618,6.118502217331856,93951.0,-0.8985549894273914,5.266108895192634,3.6875584658559335,-12.991820333580762,-3.6581750123923507,-20.666666666666668,-2.771162053374554,1.9293547939891833,-15.273200365208991,6.842105263157894
2020-02-29,1.3333333333333333,82.475,-10.481714305560386,5.772669220945081,93170.0,9.419933466480202,6.883823605449568,-0.5250499644321005,2.542406065005109,-3.8967566791285098,-39.333333333333336,0.552329038923216,1.2273338591857492,-17.05159104183667,8.421052631578952
2020-03-31,1.3,77.779,-15.106827800724089,1.0746230917538568,99611.0,0.2303688007897264,10.895835632296391,21.515548991458644,5.823401958157959,-4.135338345864669,-58.0,3.875820131220986,0.5253129243823151,-18.82998171846435,10.000000000000009
2020-04-30,-3.1000000000000005,46.492,-41.21943195525826,-4.966411550416094,75451.0,-13.115570140304044,15.867581028962308,12.012634863851734,-0.6028750167017205,-4.060963477395784,-49.0,-1.4482327368685635,1.517333078897698,-19.41788515306405,15.555555555555559
2020-05-31,-7.500000000000001,48.371,-52.31033049262109,-10.551979093632491,80453.0,-26.2194553776142,21.27322869815416,-7.863900792911405,11.908596380273838,-3.9865886089269,-40.0,-6.772285604958113,2.509353233413081,-20.00578858766375,21.111111111111107
2020-06-30,-11.9,56.624,-28.264024805928788,-2.979646312979656,82903.0,-9.899920646216652,23.44934695712899,-6.053370118441704,22.21496904139506,-3.912213740458015,-31.0,-12.096338473047664,3.501373387928464,-20.59369202226345,26.66666666666666
2020-07-31,-9.366666666666667,76.382,-9.413992277335147,-6.771960190393767,87290.0,-9.96049350029262,28.13359567826421,-7.142407482350821,2.115912195044123,-2.1026132677303058,-22.333333333333336,-15.641461103852784,2.7830461622086804,-13.47708012574337,37.77777777777777
2020-08-31,-6.833333333333333,76.748,-6.896772883240154,1.3083575326291674,85951.0,-11.039270792978396,26.94176174003504,16.36893101074812,5.715541402103952,-0.2930127950025967,-13.666666666666668,-19.1865837346579,2.0647189364888963,-6.360468229223288,48.888888888888886
2020-09-30,-4.3,73.172,-11.18901804397604,3.6782055011474135,90207.0,-1.6456317231983042,28.380858191165625,25.93476374536563,21.36474171024476,1.516587677725112,-5.0,-22.731706365463022,1.3463917107691126,0.7561436672967936,60.00000000000001
2020-10-31,-3.0666666666666664,78.519,-9.24646087828439,0.1329458323027443,93726.0,-9.717269330362088,33.09802866595446,-0.4284281281346946,-0.4966771997922392,2.9568319765376287,-1.0,-20.361919155281377,1.7835823220806828,2.504095778197864,53.333333333333336
2020-11-30,-1.8333333333333335,79.758,-1.390361854664246,-4.073201334271815,97875.0,-9.44226586063328,31.7839127512308,19.37935047785313,-4.01524616544836,4.3970762753501464,3.0,-17.992131945099736,2.220772933392253,4.252047889098934,46.666666666666664
2020-12-31,-0.6,89.834,-3.959874260355034,2.232786382456675,105005.0,-3.4296111578757005,32.81745344227425,17.091448141900536,13.688918812969364,5.837320574162663,7.0,-15.622344734918093,2.657963544703823,6.000000000000005,39.99999999999999
2021-01-31,0.9,81.664,-7.634215208478379,-0.835794633318665,102607.0,-5.224857446137254,31.23188307761071,9.623608379495142,13.478149055045408,6.767364042905824,8.333333333333334,-13.99170475001715,4.767402791802063,20.966966966966968,32.72727272727272
2021-02-28,2.4,78.948,6.62786938247657,-0.5899196191396117,86734.0,-4.633521190894852,29.69961704282822,16.951576653272493,7.277073082824992,7.697407511648986,9.666666666666666,-12.361064765116208,6.876842038900303,35.93393393393393,25.454545454545446
2021-03-31,3.9,83.047,7.10218399365703,2.2733668970261744,110311.0,17.89479586107685,248.97563086663015,9.26607453996855,24.365655655623897,8.627450980392148,11.0,-10.730424780215264,8.986281285998544,50.90090090090089,18.18181818181817
2021-04-30,8.366666666666667,78.807,56.7254953173389,8.71461227360648,107147.0,25.89471149949492,21.073930335750333,2.769850168178567,10.913580340723318,9.359710782691087,11.0,-5.606371774156423,8.109662685630937,73.65356010215822,8.612440191387552
2021-05-31,12.833333333333334,69.942,81.94913592084905,14.615028325079283,107435.0,32.11069545598835,16.534940400913236,27.312968351515,10.983032384142888,10.091970584990028,11.0,-0.48231876809758134,7.233044085263329,96.40621930341555,-0.9569377990430645
2021-06-30,17.3,60.51,27.438267347220304,7.112150496956371,108879.0,28.242315143931982,17.204265879760072,28.384235255994827,25.543183577135387,10.824230387288967,11.0,4.641734237961259,6.3564254848957225,119.15887850467288,-10.526315789473683
2021-07-31,14.433333333333334,71.496,0.5800913585175982,3.557338461028392,106251.0,21.83759461231616,13.873441541945155,16.543829234985896,14.988492156290434,8.585590255080291,13.666666666666666,4.974136537431588,7.891338737527898,111.27164758347799,-14.30921052631579
2021-08-31,11.566666666666666,71.238,-2.207832466503634,0.2393926985227112,105939.0,22.59856588616247,13.873441541945155,11.400180175261386,16.725340389003506,6.346950122871616,16.333333333333332,5.3065388369019155,9.426251990160072,103.3844166622831,-18.092105263157894
2021-09-30,8.7,75.624,6.6256291325372585,-2.8151011628269385,109823.0,18.501803014235584,13.873441541945155,-1.9973692040276212,14.104317548076573,4.1083099906629394,19.0,5.638941136372244,10.961165242792248,95.4971857410882,-21.875
2021-10-31,7.999999999999999,74.419,7.1994582585864775,-8.145243461882846,120489.0,25.59707594435967,13.873441541945155,17.082815501073313,14.913567632762458,3.311507444046543,17.333333333333332,3.8701423926720118,10.262452595987638,102.02957036827264,-22.916666666666664
2021-11-30,7.3,79.399,1.5519299641862494,0.4912907548012546,117170.0,31.698811457326205,13.873441541945155,14.226388563393488,29.210308720477546,2.5147048974301462,15.666666666666666,2.10134364897178,9.563739949183026,108.56195499545707,-23.958333333333325
2021-12-31,6.6,94.889,6.513472664786235,-1.2330123301233176,122889.0,35.35043226732712,13.873441541945155,16.748011490138225,13.56263284406749,1.7179023508137492,14.0,0.3325449052715479,8.865027302378415,115.09433962264151,-24.99999999999999
2022-01-31,5.733333333333333,87.886,11.213241067409264,-0.389733840304185,109068.0,28.17976430422231,13.873441541945155,1.1686377140788018,13.99514612279349,1.476194828340338,14.333333333333334,-4.975803012991231,8.778892976178598,104.64000750962171,-24.358974358974354
2022-02-28,4.866666666666666,77.639,-4.670709520921768,-1.3221821210438578,94184.0,19.431448012074483,13.873441541945155,13.873359732898516,11.57461377165636,1.234487305866927,14.666666666666666,-10.284150931254011,8.692758649978783,94.1856753966019,-23.71794871794872
2022-03-31,4.0,85.043,6.370998496982749,-5.537210297804684,103307.0,21.84159090427069,13.873441541945155,4.426830122047032,11.467242496008012,0.992779783393516,15.0,-15.59249884951679,8.606624323778966,83.73134328358209,-23.076923076923084
2022-04-30,4.166666666666667,85.348,8.243262546424157,-1.594798304920264,105131.0,24.23414828579087,13.873441541945155,5.416015802567098,12.788512208510117,0.7813275019517156,15.0,-16.3783493216827,6.05066020577271,67.61904761904762,-23.227752639517348
2022-05-31,4.333333333333333,94.193,13.999113676923258,-2.950045074450558,104950.0,38.60607068429782,13.873441541945155,11.070420049417583,12.85845636813474,0.5698752205099151,15.0,-17.16419979384861,3.494696087766454,51.506751954513156,-23.378582202111616
2022-06-30,4.5,91.571,10.010584301556392,1.659977524482259,109517.0,32.43642823371174,13.873441541945155,3.293054219053171,4.063838650368701,0.3584229390681148,15.0,-17.950050266014518,0.938731969760198,35.394456289978685,-23.52941176470588
2022-07-31,4.333333333333333,96.725,9.606201767597168,5.208733512613661,109693.0,32.362398300261106,13.05666971995115,1.7825237877591826,10.321457477916706,-0.0899004023551846,13.0,-13.997355181087258,1.6878575738682084,24.55599709159167,-22.352941176470587
2022-08-31,4.166666666666667,95.114,8.865173288250205,2.513905037237208,101835.0,30.75405241669864,7.155457551985175,0.9908430743091444,-4.549277841058464,-0.538223743778484,11.0,-10.044660096159998,2.4369831779762188,13.71753789320466,-21.176470588235293
2022-09-30,4.0,93.008,7.764215884768899,-1.7193815358952924,101207.0,21.354628389930006,6.967868423872048,1.1448704530746756,-10.60785030003226,-0.9865470852017832,9.0,-6.091965011232736,3.1861087820842293,2.879078694817649,-20.0
2022-10-31,3.3666666666666667,96.423,7.563751620803916,2.921106591818212,101512.0,10.924406572143086,5.816042834252068,-0.6441184985042869,-9.26766681931367,-2.4651054642085946,7.0,-4.365132491130315,2.5319586947775807,-1.384707770706362,-18.095238095238095
2022-11-30,2.7333333333333334,94.672,3.528763873591445,-6.1746031746031775,99219.0,-0.0414426011390078,3.9381698118352233,-3.70124168041297,-20.219001412927785,-3.943663843215406,5.0,-2.6382999710278945,1.8778086074709321,-5.648494236230373,-16.190476190476193
2022-12-31,2.1,102.994,4.257838272642633,-1.1937306360488398,99029.0,-8.242207906893917,6.151695452991765,-3.5059641775417982,-17.85647442602496,-5.422222222222217,3.0,-0.911467450925474,1.2236585201642836,-9.912280701754383,-14.28571428571429
2023-01-31,1.5333333333333332,99.578,-4.899653588372621,-4.905048191621331,85680.0,-11.227586708145244,6.068393827829945,-3.013121395276952,-26.816758245683616,-5.461701916393602,3.3333333333333335,2.8344111796670672,0.4200002077191992,-5.828635691835637,-16.190476190476193
2023-02-28,0.9666666666666666,88.697,8.64260359546558,-5.595217161948296,87288.0,-4.710306131407382,5.942269563233387,-9.611680275471755,-26.537746787905668,-5.501181610564987,3.6666666666666665,6.580289810259608,-0.38365810472588513,-5.775871652082594,-18.095238095238095
2023-03-31,0.4,94.43,2.4853955332475586,7.9624534714355155,97640.0,-10.954810557620354,6.632419102380385,-3.7825516953697615,-22.266391019299306,-5.540661304736371,4.0,10.326168440852149,-1.1873164171709694,-4.783450573120203,-20.0
